<?xml version="1.0" encoding="UTF-8"?>
<project-private xmlns="http://www.netbeans.org/ns/project-private/1">
    <editor-bookmarks xmlns="http://www.netbeans.org/ns/editor-bookmarks/2" lastBookmarkId="0"/>
    <open-files xmlns="http://www.netbeans.org/ns/projectui-open-files/2">
        <group>
            <file>file:/C:/Users/ruann/Documents/NetBeansProjects/Healthy%20Life/src/br/com/healthylife/apresentation/MainScreenEmployee.java</file>
            <file>file:/C:/Users/ruann/Documents/NetBeansProjects/Healthy%20Life/src/br/com/healthylife/apresentation/Login.java</file>
            <file>file:/C:/Users/ruann/Documents/NetBeansProjects/Healthy%20Life/src/br/com/healthylife/apresentation/MainScreenAdm.java</file>
            <file>file:/C:/Users/ruann/Documents/NetBeansProjects/Healthy%20Life/src/br/com/healthylife/apresentation/RegistrationScreenHospitalIF.java</file>
            <file>file:/C:/Users/ruann/Documents/NetBeansProjects/Healthy%20Life/src/br/com/healthylife/apresentation/MakeAnAppointmentScreenIF.java</file>
            <file>file:/C:/Users/ruann/Documents/NetBeansProjects/Healthy%20Life/src/br/com/healthylife/util/Constants.java</file>
        </group>
    </open-files>
</project-private>
